last,first,mi,office
Adams,Charles,,NEFSC
Ailloud,Lisa,,SEFSC
Allen Akselrud,Caitlin,,SWFSC-LJCA
Berger,Aaron,M.,NWFSC-SWA
Blackhart,Kristan,,NEFSC
Boucher,Jason,,NEFSC
Brodziak,John,,PIFSC
Brown,Russell,W.,NEFSC-WHMA
Carvalho,Felipe,,PIFSC
Chang,Jui-Han,,NEFSC
Chute,Toni,,NEFSC
Cope,Jason,M.,NWFSC-SWA
Correa,Giancarlo,M.,AFSC
Curti,Kiersten,,NEFSC
Damiano,Matt,,SEFSC
Deary,Alison,L.,AFSC
Deroba,Jon,,NEFSC
Dorn,Martin,W.,AFSC
Ducharme-Barth,Nicholas,,PIFSC
Dunn,Alex,,NEFSC
Ferriss,Bridget,E.,AFSC
Field,John,,SWFSC
Fitchett,Mark,D.,PIFSC
Forrestal,Francesca,,SEFSC-MFL
Gertseva,Vladlena,,NWFSC
Haltuch,Melissa,A.,AFSC-SWA
Hamel,Owen,S.,NWFSC-SWA
Hart,Dvora,,NEFSC
Havron,Andrea,,OST
Hendrickson,Lisa,,NEFSC
Hennen,Dan,,NEFSC
Hill,Kevin,T.,SWFSC-LJCA
Johnson,Kelli,F.,NWFSC-SWA
Jones,Andy,,NEFSC
Kapur,Maia,R.,PIFSC
Kuriyama,Peter,T.,SWFSC-LJCA
Langseth,Brian,J.,NWFSC-SWA
Legault,Chris,,NEFSC
Levine,Mike,,AFSC
Marshall,Kristan,,NWFSC
McGowan,David,W.,AFSC
Methot,Richard,,NWFSC
Monk,Melissa,,SWFSC
Monnahan,Cole,C.,AFSC
Nieland,Julie,,NEFSC
Nitschke,Paul,,NEFSC
O'Keefe,Cate,,NEFSC
Oken,Kiva,L.,NWFSC-SWA
Oshima,Megumi,,PIFSC
Perretti,Charles,,NEFSC
Rios,Adyan,,SEFSC
Rogers,Lauren,,AFSC
Sagarese,Skyler,,SEFSC-MFL
Sculley,Michelle,,PIFSC
Shank,Burton,,NEFSC
Shertzer,Kyle,,SEFSC-BNC
Shotwell,S.,Kalei,AFSC
Siegfried,Katie,,SEFSC
Sosebee,Karson,,NEFSC
Stawitz,Christine,,OST
Sullivan,Jane,,AFSC
Syslo,John,,PIFSC
Taylor,Ian,,NWFSC
Tolimieri,Nick,,NWFSC-SWA
Traver,Michele,,NEFSC
Tyrell,Abigail,,NEFSC
Wassermann,Sophia,N.,AFSC-SWA
Wetzel,Chantel,R.,NWFSC-SWA
Wigley,Susan,,NEFSC
Williams,Ben,,AFSC
Williams,Erik,,SEFSC
Wood,Anthony,,NEFSC
Yau,Annie,J.,PIFSC
Zador,Stephani,,AFSC
Zwolinski,Juan,P.,SWFSC-LJCA
Snow,John,,AFSC
Phantom,Danny,,NEFSC
Star,Patrick,,SEFSC-MFL
